{"relations":{"Famille 3":{"Famille 2":0,"Famille 1":0},"Famille 2":{"Famille 3":0,"Famille 1":0},"Famille 1":{"Famille 3":0,"Famille 2":0}},"familles":{"Famille 3":{"mass":65.75645094324048,"vitesseInit":{"y":-19.346232608482318,"x":-24.631446710550364},"couleur":-12312456,"nbParticule":94,"radius":8.072224092721871,"nom":"Famille 3"},"Famille 2":{"mass":41.76649194611593,"vitesseInit":{"y":5.274080290059835,"x":-13.189933125798003},"couleur":-7793350,"nbParticule":69,"radius":9.541170621620648,"nom":"Famille 2"},"Famille 1":{"mass":82.07228814112963,"vitesseInit":{"y":41.122977222258896,"x":-5.562178939642603},"couleur":-5308814,"nbParticule":61,"radius":15.537547820442107,"nom":"Famille 1"}}}